"","year","month","siteID","mean_hum","datetime"
"1",2015,6,"ORNL",76.1585812133072,2015-06-01
"2",2015,7,"ORNL",83.72277816655,2015-07-01
"3",2015,7,"OSBS",84.6541176470588,2015-07-01
"4",2015,8,"ORNL",76.6234725121782,2015-08-01
"5",2015,8,"OSBS",87.9802532511978,2015-08-01
"6",2015,9,"ORNL",76.8551674982181,2015-09-01
"7",2015,9,"OSBS",89.8189496402878,2015-09-01
"8",2015,10,"BLAN",NA,2015-10-01
"9",2015,10,"ORNL",74.3690141796084,2015-10-01
"10",2015,10,"OSBS",83.2236842105263,2015-10-01
"11",2015,11,"BLAN",72.3686516853933,2015-11-01
"12",2015,11,"ORNL",67.0621524663677,2015-11-01
"13",2015,11,"OSBS",84.9024475018103,2015-11-01
"14",2015,12,"BLAN",78.3304153094463,2015-12-01
"15",2015,12,"ORNL",79.1834985935302,2015-12-01
"16",2015,12,"OSBS",86.1581880108992,2015-12-01
"17",2015,12,"TALL",85.7482734646582,2015-12-01
"18",2016,1,"BLAN",54.4581395348837,2016-01-01
"19",2016,1,"KONZ",75.7098232094288,2016-01-01
"20",2016,1,"ORNL",67.7827515550677,2016-01-01
"21",2016,1,"OSBS",76.3742466713385,2016-01-01
"22",2016,1,"TALL",78.8707594086022,2016-01-01
"23",2016,1,"UKFS",59.0514077669903,2016-01-01
"24",2016,2,"BLAN",NA,2016-02-01
"25",2016,2,"KONZ",59.4051436781609,2016-02-01
"26",2016,2,"ORNL",69.0645922435665,2016-02-01
"27",2016,2,"OSBS",68.3127809798271,2016-02-01
"28",2016,2,"SERC",65.297700617284,2016-02-01
"29",2016,2,"TALL",68.6335547445256,2016-02-01
"30",2016,2,"UKFS",54.9950323275862,2016-02-01
"31",2016,3,"BLAN",62.0160055865922,2016-03-01
"32",2016,3,"KONZ",64.4343758212878,2016-03-01
"33",2016,3,"ORNL",62.5453323970037,2016-03-01
"34",2016,3,"OSBS",74.4140352064997,2016-03-01
"35",2016,3,"SERC",67.8352527294784,2016-03-01
"36",2016,3,"TALL",72.885292667899,2016-03-01
"37",2016,3,"UKFS",57.3016404109589,2016-03-01
"38",2016,4,"BLAN",67.1621443442054,2016-04-01
"39",2016,4,"ORNL",48.1810398230089,2016-04-01
"40",2016,4,"OSBS",71.1349440559441,2016-04-01
"41",2016,4,"SERC",72.7836467236467,2016-04-01
"42",2016,4,"TALL",66.115554524362,2016-04-01
"43",2016,4,"UKFS",60.3568914123492,2016-04-01
"44",2016,5,"BLAN",90.4508362369338,2016-05-01
"45",2016,5,"ORNL",101.195,2016-05-01
"46",2016,5,"OSBS",68.705604288499,2016-05-01
"47",2016,5,"SERC",104.813584379358,2016-05-01
"48",2016,5,"TALL",74.4386431478969,2016-05-01
"49",2016,5,"UKFS",73.0159745762712,2016-05-01
"50",2016,6,"OSBS",77.6349965156794,2016-06-01
"51",2016,6,"SERC",94.2197010676157,2016-06-01
"52",2016,6,"TALL",76.1809082813891,2016-06-01
"53",2016,6,"UKFS",66.9470174757282,2016-06-01
"54",2016,7,"OSBS",76.3050099403578,2016-07-01
"55",2016,7,"SERC",110.830428571429,2016-07-01
"56",2016,7,"TALL",147.487580128205,2016-07-01
"57",2016,7,"UKFS",79.7716650390625,2016-07-01
"58",2016,8,"OSBS",80.8311152796726,2016-08-01
"59",2016,8,"TALL",13985.8064,2016-08-01
"60",2016,8,"UKFS",83.1323545516769,2016-08-01
"61",2016,9,"KONZ",67.4335,2016-09-01
"62",2016,9,"OSBS",81.9803084472485,2016-09-01
"63",2016,9,"TALL",9744.46357142857,2016-09-01
"64",2016,9,"UKFS",77.9041912293314,2016-09-01
"65",2016,10,"KONZ",68.265987218298,2016-10-01
"66",2016,10,"ORNL",60.0116176470588,2016-10-01
"67",2016,10,"OSBS",77.0116328871893,2016-10-01
"68",2016,10,"SERC",63.0056642335766,2016-10-01
"69",2016,10,"UKFS",75.3668228105906,2016-10-01
"70",2016,11,"BLAN",67.1966318147872,2016-11-01
"71",2016,11,"KONZ",62.874,2016-11-01
"72",2016,11,"ORNL",59.3779344033496,2016-11-01
"73",2016,11,"OSBS",73.1989268292683,2016-11-01
"74",2016,11,"SERC",58.5768689477082,2016-11-01
"75",2016,11,"UKFS",64.1034082923401,2016-11-01
"76",2016,12,"BLAN",67.2400304774805,2016-12-01
"77",2016,12,"KONZ",63.6892414860681,2016-12-01
"78",2016,12,"ORNL",74.0521757035003,2016-12-01
"79",2016,12,"OSBS",77.0105260850504,2016-12-01
"80",2016,12,"SERC",66.9331090174966,2016-12-01
"81",2016,12,"UKFS",66.0066594547815,2016-12-01
"82",2017,1,"BLAN",70.7555211668445,2017-01-01
"83",2017,1,"KONZ",69.0420436582612,2017-01-01
"84",2017,1,"ORNL",77.7359261939219,2017-01-01
"85",2017,1,"OSBS",75.4843284597076,2017-01-01
"86",2017,1,"SERC",70.1768578553616,2017-01-01
"87",2017,1,"TALL",73.134201183432,2017-01-01
"88",2017,1,"UKFS",79.1278898128898,2017-01-01
"89",2017,2,"BLAN",57.2988616071429,2017-02-01
"90",2017,2,"KONZ",59.5914745508982,2017-02-01
"91",2017,2,"ORNL",62.3121870286576,2017-02-01
"92",2017,2,"OSBS",72.6566279069767,2017-02-01
"93",2017,2,"SERC",60.2708891369048,2017-02-01
"94",2017,2,"TALL",69.3243249516441,2017-02-01
"95",2017,2,"UKFS",58.7166181818182,2017-02-01
"96",2017,3,"BLAN",61.1638239247312,2017-03-01
"97",2017,3,"KONZ",60.0615156675749,2017-03-01
"98",2017,3,"ORNL",55.6794185260311,2017-03-01
"99",2017,3,"OSBS",65.8054238432962,2017-03-01
"100",2017,3,"SERC",55.9950840829097,2017-03-01
"101",2017,3,"TALL",63.1633934649421,2017-03-01
"102",2017,3,"UKFS",62.0609694415174,2017-03-01
"103",2017,4,"BLAN",68.6503412809724,2017-04-01
"104",2017,4,"KONZ",66.0109930008749,2017-04-01
"105",2017,4,"ORNL",64.7621291696238,2017-04-01
"106",2017,4,"OSBS",65.545390516039,2017-04-01
"107",2017,4,"SERC",75.8510259014728,2017-04-01
"108",2017,4,"TALL",64.3649770561242,2017-04-01
"109",2017,4,"UKFS",72.0960759493671,2017-04-01
"110",2017,5,"BLAN",76.4660425819534,2017-05-01
"111",2017,5,"KONZ",63.6483817019183,2017-05-01
"112",2017,5,"ORNL",72.792037037037,2017-05-01
"113",2017,5,"OSBS",66.5888668459987,2017-05-01
"114",2017,5,"SERC",72.9615470679012,2017-05-01
"115",2017,5,"TALL",73.2696311760612,2017-05-01
"116",2017,5,"UKFS",71.2827609308886,2017-05-01
"117",2017,6,"BLAN",74.2566307371349,2017-06-01
"118",2017,6,"KONZ",66.0379881862404,2017-06-01
"119",2017,6,"ORNL",74.9543570402299,2017-06-01
"120",2017,6,"OSBS",83.627295412844,2017-06-01
"121",2017,6,"SERC",73.1086203246295,2017-06-01
"122",2017,6,"TALL",83.7543610399121,2017-06-01
"123",2017,6,"UKFS",71.3130849825378,2017-06-01
"124",2017,7,"BLAN",79.7369715656047,2017-07-01
"125",2017,7,"KONZ",67.0422898453262,2017-07-01
"126",2017,7,"ORNL",79.5421303602058,2017-07-01
"127",2017,7,"OSBS",81.6332712857635,2017-07-01
"128",2017,7,"SERC",79.6181696113074,2017-07-01
"129",2017,7,"TALL",82.5328111224144,2017-07-01
"130",2017,7,"UKFS",73.494504076087,2017-07-01
"131",2017,8,"BLAN",82.331708645337,2017-08-01
"132",2017,8,"KONZ",72.8834053324333,2017-08-01
"133",2017,8,"ORNL",78.0204846416382,2017-08-01
"134",2017,8,"OSBS",83.1721134453781,2017-08-01
"135",2017,8,"SERC",81.594906984907,2017-08-01
"136",2017,8,"TALL",82.9509759498083,2017-08-01
"137",2017,8,"UKFS",77.2097300068353,2017-08-01
"138",2017,9,"BLAN",81.6163597883598,2017-09-01
"139",2017,9,"KONZ",62.2258578431373,2017-09-01
"140",2017,9,"ORNL",76.4000913884007,2017-09-01
"141",2017,9,"OSBS",80.9323655913979,2017-09-01
"142",2017,9,"SERC",80.8010989399293,2017-09-01
"143",2017,9,"TALL",76.7902298050139,2017-09-01
"144",2017,9,"UKFS",72.0346043165468,2017-09-01
"145",2017,10,"BLAN",77.2281876912615,2017-10-01
"146",2017,10,"KONZ",60.6152466825451,2017-10-01
"147",2017,10,"ORNL",74.0409520547945,2017-10-01
"148",2017,10,"OSBS",77.3706349206349,2017-10-01
"149",2017,10,"SERC",78.8241349777321,2017-10-01
"150",2017,10,"TALL",76.7204153686397,2017-10-01
"151",2017,10,"UKFS",66.533534867743,2017-10-01
"152",2017,11,"BLAN",70.7368227892345,2017-11-01
"153",2017,11,"KONZ",61.0794896851249,2017-11-01
"154",2017,11,"ORNL",68.2185734513274,2017-11-01
"155",2017,11,"OSBS",80.1154424157303,2017-11-01
"156",2017,11,"SERC",70.3639929577465,2017-11-01
"157",2017,11,"TALL",77.1337714085984,2017-11-01
"158",2017,11,"UKFS",63.7944914651494,2017-11-01
"159",2017,12,"BLAN",65.7807904473596,2017-12-01
"160",2017,12,"KONZ",62.8986205733558,2017-12-01
"161",2017,12,"ORNL",67.066472854641,2017-12-01
"162",2017,12,"OSBS",79.4926215277778,2017-12-01
"163",2017,12,"SERC",66.4933120376597,2017-12-01
"164",2017,12,"TALL",75.951850931677,2017-12-01
"165",2017,12,"UKFS",63.4274873353597,2017-12-01
"166",2018,1,"BLAN",63.0139213709677,2018-01-01
"167",2018,1,"KONZ",63.4029238754325,2018-01-01
"168",2018,1,"ORNL",61.5410106933425,2018-01-01
"169",2018,1,"OSBS",72.3828586171311,2018-01-01
"170",2018,1,"SERC",65.9779621493748,2018-01-01
"171",2018,1,"TALL",61.4421110349555,2018-01-01
"172",2018,1,"UKFS",65.6138374095763,2018-01-01
"173",2018,2,"BLAN",71.9070640091989,2018-02-01
"174",2018,2,"KONZ",64.5636655341638,2018-02-01
"175",2018,2,"ORNL",77.2546129910541,2018-02-01
"176",2018,2,"OSBS",79.9211033681765,2018-02-01
"177",2018,2,"SERC",73.4217613636364,2018-02-01
"178",2018,2,"TALL",81.3541162790698,2018-02-01
"179",2018,2,"UKFS",67.0979552469136,2018-02-01
"180",2018,3,"BLAN",61.5983887381275,2018-03-01
"181",2018,3,"KONZ",59.7055994729908,2018-03-01
"182",2018,3,"ORNL",61.5388618169161,2018-03-01
"183",2018,3,"OSBS",61.1115723905724,2018-03-01
"184",2018,3,"SERC",62.7346929357472,2018-03-01
"185",2018,3,"TALL",64.858019667684,2018-03-01
"186",2018,3,"UKFS",63.9157152473915,2018-03-01
"187",2018,4,"BLAN",59.3067396142433,2018-04-01
"188",2018,4,"KONZ",59.6163009049774,2018-04-01
"189",2018,4,"ORNL",59.5393546099291,2018-04-01
"190",2018,4,"OSBS",73.0714708994709,2018-04-01
"191",2018,4,"SERC",59.9554915730337,2018-04-01
"192",2018,4,"TALL",62.5081444404719,2018-04-01
"193",2018,4,"UKFS",57.8932079488999,2018-04-01
"194",2018,5,"BLAN",77.5933391669583,2018-05-01
"195",2018,5,"KONZ",65.7359052453469,2018-05-01
"196",2018,5,"ORNL",71.8275312066574,2018-05-01
"197",2018,5,"OSBS",78.5301156856074,2018-05-01
"198",2018,5,"SERC",74.0287510339123,2018-05-01
"199",2018,5,"TALL",72.4882248722317,2018-05-01
"200",2018,5,"UKFS",67.654188993483,2018-05-01
"201",2018,6,"BLAN",82.6422149362477,2018-06-01
"202",2018,6,"KONZ",66.3398335067638,2018-06-01
"203",2018,6,"ORNL",78.54939552594,2018-06-01
"204",2018,6,"OSBS",81.3510416666667,2018-06-01
"205",2018,6,"SERC",84.4480610514415,2018-06-01
"206",2018,6,"TALL",74.4906037599422,2018-06-01
"207",2018,6,"UKFS",71.2142597087379,2018-06-01
"208",2018,7,"BLAN",82.6533333333333,2018-07-01
"209",2018,7,"KONZ",66.2414692908042,2018-07-01
"210",2018,7,"ORNL",79.0140939824205,2018-07-01
"211",2018,7,"OSBS",84.1669541778976,2018-07-01
"212",2018,7,"SERC",77.7653796095445,2018-07-01
"213",2018,7,"TALL",78.2707953216374,2018-07-01
"214",2018,7,"UKFS",67.5947426192279,2018-07-01
"215",2018,8,"BLAN",84.7754333050127,2018-08-01
"216",2018,8,"KONZ",67.8726176769387,2018-08-01
"217",2018,8,"ORNL",81.8222467709041,2018-08-01
"218",2018,8,"OSBS",81.8484942606347,2018-08-01
"219",2018,8,"SERC",82.9287049861496,2018-08-01
"220",2018,8,"TALL",80.1479125043059,2018-08-01
"221",2018,8,"UKFS",71.5937381275441,2018-08-01
"222",2018,9,"BLAN",89.6613959285418,2018-09-01
"223",2018,9,"KONZ",77.0193159379408,2018-09-01
"224",2018,9,"ORNL",83.1922415039769,2018-09-01
"225",2018,9,"OSBS",81.7096724294813,2018-09-01
"226",2018,9,"SERC",89.0647150455927,2018-09-01
"227",2018,9,"TALL",81.958819765375,2018-09-01
"228",2018,9,"UKFS",76.0533321517192,2018-09-01
"229",2018,10,"BLAN",79.7213825821755,2018-10-01
"230",2018,10,"KONZ",73.1060852575488,2018-10-01
"231",2018,10,"ORNL",78.2216413949962,2018-10-01
"232",2018,10,"OSBS",79.2807053661829,2018-10-01
"233",2018,10,"SERC",78.2999624701467,2018-10-01
"234",2018,10,"TALL",76.0417336938155,2018-10-01
"235",2018,10,"UKFS",72.7769922969188,2018-10-01
"236",2018,11,"BLAN",74.037565529623,2018-11-01
"237",2018,11,"KONZ",70.7878554049357,2018-11-01
"238",2018,11,"ORNL",77.2148744848258,2018-11-01
"239",2018,11,"OSBS",81.6303375224416,2018-11-01
"240",2018,11,"SERC",71.4865406976744,2018-11-01
"241",2018,11,"TALL",80.8777721813251,2018-11-01
"242",2018,11,"UKFS",71.8260619777159,2018-11-01
"243",2018,12,"BLAN",77.5375168022639,2018-12-01
"244",2018,12,"KONZ",71.4776665527844,2018-12-01
"245",2018,12,"ORNL",75.0874981631154,2018-12-01
"246",2018,12,"OSBS",81.4251296829971,2018-12-01
"247",2018,12,"SERC",74.0207115181402,2018-12-01
"248",2018,12,"TALL",80.7307926341073,2018-12-01
"249",2018,12,"UKFS",72.1048057751805,2018-12-01
"250",2019,1,"BLAN",71.2469677197802,2019-01-01
"251",2019,1,"KONZ",72.7901528940663,2019-01-01
"252",2019,1,"ORNL",69.9582191780822,2019-01-01
"253",2019,1,"OSBS",71.5904049949376,2019-01-01
"254",2019,1,"SERC",68.4473121984838,2019-01-01
"255",2019,1,"TALL",73.3379310344828,2019-01-01
"256",2019,1,"UKFS",74.9724210903874,2019-01-01
"257",2019,2,"BLAN",69.2727713625866,2019-02-01
"258",2019,2,"KONZ",77.2092980392157,2019-02-01
"259",2019,2,"ORNL",69.6728899835796,2019-02-01
"260",2019,2,"OSBS",76.3927112135177,2019-02-01
"261",2019,2,"SERC",67.2721563236449,2019-02-01
"262",2019,2,"TALL",75.6081651376147,2019-02-01
"263",2019,2,"UKFS",76.8433411672542,2019-02-01
"264",2019,3,"BLAN",62.2856012061817,2019-03-01
"265",2019,3,"KONZ",68.5587643097643,2019-03-01
"266",2019,3,"ORNL",55.1456462585034,2019-03-01
"267",2019,3,"OSBS",67.7159361069837,2019-03-01
"268",2019,3,"SERC",61.924790174002,2019-03-01
"269",2019,3,"TALL",61.9180405405405,2019-03-01
"270",2019,3,"UKFS",67.5745572649573,2019-03-01
"271",2019,4,"BLAN",66.9027514164306,2019-04-01
"272",2019,4,"KONZ",59.4277580071174,2019-04-01
"273",2019,4,"ORNL",61.3287436640116,2019-04-01
"274",2019,4,"OSBS",69.7342742777584,2019-04-01
"275",2019,4,"SERC",65.7273837005946,2019-04-01
"276",2019,4,"TALL",68.2304923839887,2019-04-01
"277",2019,4,"UKFS",60.9414499465622,2019-04-01
"278",2019,5,"BLAN",76.335273902688,2019-05-01
"279",2019,5,"KONZ",77.0074613003096,2019-05-01
"280",2019,5,"ORNL",71.763825136612,2019-05-01
"281",2019,5,"OSBS",68.0322231204527,2019-05-01
"282",2019,5,"SERC",80.2840824261275,2019-05-01
"283",2019,5,"TALL",72.1129065388565,2019-05-01
"284",2019,5,"UKFS",79.4320507473062,2019-05-01
"285",2019,6,"BLAN",73.1844785490059,2019-06-01
"286",2019,6,"KONZ",69.6030969101124,2019-06-01
"287",2019,6,"ORNL",76.5605688622754,2019-06-01
"288",2019,6,"OSBS",77.6175202780996,2019-06-01
"289",2019,6,"SERC",69.4745221445221,2019-06-01
"290",2019,6,"TALL",73.9919434372734,2019-06-01
"291",2019,6,"UKFS",73.8571742209632,2019-06-01
"292",2019,7,"BLAN",82.072459635864,2019-07-01
"293",2019,7,"KONZ",69.5297504215852,2019-07-01
"294",2019,7,"ORNL",77.8916621621622,2019-07-01
"295",2019,7,"OSBS",80.2728670520231,2019-07-01
"296",2019,7,"SERC",64.1426418604651,2019-07-01
"297",2019,7,"TALL",76.7783271123176,2019-07-01
"298",2019,7,"UKFS",71.4984460631287,2019-07-01
"299",2019,8,"BLAN",82.462946214457,2019-08-01
"300",2019,8,"KONZ",79.104688365651,2019-08-01
"301",2019,8,"ORNL",77.0443120070114,2019-08-01
"302",2019,8,"OSBS",81.8168145854833,2019-08-01
"303",2019,8,"SERC",86.7850667302193,2019-08-01
"304",2019,8,"TALL",78.1474181184669,2019-08-01
"305",2019,8,"UKFS",81.6894932570494,2019-08-01
"306",2019,9,"BLAN",78.4581465821001,2019-09-01
"307",2019,9,"KONZ",72.8480159593761,2019-09-01
"308",2019,9,"ORNL",67.2292395833333,2019-09-01
"309",2019,9,"OSBS",74.5333739979087,2019-09-01
"310",2019,9,"SERC",76.0243482794578,2019-09-01
"311",2019,9,"TALL",65.9468958333333,2019-09-01
"312",2019,9,"UKFS",78.7453583786456,2019-09-01
"313",2019,10,"BLAN",78.6330865921788,2019-10-01
"314",2019,10,"KONZ",65.8315237134208,2019-10-01
"315",2019,10,"ORNL",74.8372724113968,2019-10-01
"316",2019,10,"OSBS",79.2561147989067,2019-10-01
"317",2019,10,"SERC",75.3050243393602,2019-10-01
"318",2019,10,"TALL",77.587706582633,2019-10-01
"319",2019,10,"UKFS",71.0821522398114,2019-10-01
"320",2019,11,"BLAN",67.402434691745,2019-11-01
"321",2019,11,"KONZ",61.6322688451541,2019-11-01
"322",2019,11,"ORNL",69.3952794376098,2019-11-01
"323",2019,11,"OSBS",78.5293401413983,2019-11-01
"324",2019,11,"SERC",66.9928860230045,2019-11-01
"325",2019,11,"TALL",69.6743105849582,2019-11-01
"326",2019,11,"UKFS",61.4016546242775,2019-11-01
"327",2019,12,"BLAN",76.7858468176915,2019-12-01
"328",2019,12,"KONZ",67.2400714771954,2019-12-01
"329",2019,12,"ORNL",72.5386165465156,2019-12-01
"330",2019,12,"OSBS",79.9735092624956,2019-12-01
"331",2019,12,"SERC",75.6957389428263,2019-12-01
"332",2019,12,"TALL",79.0723742309084,2019-12-01
"333",2019,12,"UKFS",69.0606866197183,2019-12-01
"334",2020,1,"BLAN",71.0662159365298,2020-01-01
"335",2020,1,"KONZ",75.5606868898187,2020-01-01
"336",2020,1,"ORNL",70.7481478873239,2020-01-01
"337",2020,1,"OSBS",73.5820257889379,2020-01-01
"338",2020,1,"SERC",69.5109116117851,2020-01-01
"339",2020,1,"TALL",71.7550828339796,2020-01-01
"340",2020,1,"UKFS",78.3124295774648,2020-01-01
"341",2020,2,"BLAN",65.3096450786681,2020-02-01
"342",2020,2,"KONZ",64.660378924576,2020-02-01
"343",2020,2,"ORNL",75.8447305157038,2020-02-01
"344",2020,2,"OSBS",76.3717516629712,2020-02-01
"345",2020,2,"SERC",66.4606369183829,2020-02-01
"346",2020,2,"TALL",77.5004903078677,2020-02-01
"347",2020,2,"UKFS",63.6365294330083,2020-02-01
"348",2020,3,"BLAN",65.5506966520122,2020-03-01
"349",2020,3,"KONZ",66.0127376080036,2020-03-01
"350",2020,3,"ORNL",73.6560848056537,2020-03-01
"351",2020,3,"OSBS",68.8848913781399,2020-03-01
"352",2020,3,"SERC",67.9381376215408,2020-03-01
"353",2020,3,"TALL",77.9474482524601,2020-03-01
"354",2020,3,"UKFS",67.3059505571031,2020-03-01
"355",2020,4,"BLAN",67.7021413575927,2020-04-01
"356",2020,4,"KONZ",59.0268767908309,2020-04-01
"357",2020,4,"ORNL",63.1967710929156,2020-04-01
"358",2020,4,"OSBS",72.5164516129032,2020-04-01
"359",2020,4,"SERC",64.615265976437,2020-04-01
"360",2020,4,"TALL",65.1046635813457,2020-04-01
"361",2020,4,"UKFS",62.1702799160252,2020-04-01
"362",2020,5,"BLAN",66.7728034796362,2020-05-01
"363",2020,5,"KONZ",69.5026464646465,2020-05-01
"364",2020,5,"ORNL",77.4081,2020-05-01
"365",2020,5,"OSBS",71.6025740868367,2020-05-01
"366",2020,5,"SERC",70.6571408598392,2020-05-01
"367",2020,5,"TALL",70.2297823129252,2020-05-01
"368",2020,5,"UKFS",73.6479945054945,2020-05-01
"369",2020,6,"BLAN",66.5432209106239,2020-06-01
"370",2020,6,"KONZ",67.7609033457249,2020-06-01
"371",2020,6,"ORNL",79.3182149639195,2020-06-01
"372",2020,6,"OSBS",81.3579105545617,2020-06-01
"373",2020,6,"SERC",73.3953977479114,2020-06-01
"374",2020,6,"TALL",81.2124231464738,2020-06-01
"375",2020,6,"UKFS",69.3027266338721,2020-06-01
"376",2020,7,"BLAN",71.1610615280595,2020-07-01
"377",2020,7,"KONZ",77.5567019027484,2020-07-01
"378",2020,7,"ORNL",76.1273200992556,2020-07-01
"379",2020,7,"OSBS",82.2795,2020-07-01
"380",2020,7,"SERC",80.1941910192445,2020-07-01
"381",2020,7,"TALL",83.847015195369,2020-07-01
"382",2020,7,"UKFS",79.4449220103986,2020-07-01
"383",2020,8,"BLAN",82.3354486486487,2020-08-01
"384",2020,8,"KONZ",70.0282069430401,2020-08-01
"385",2020,8,"ORNL",82.8771699489424,2020-08-01
"386",2020,8,"OSBS",85.3100950369588,2020-08-01
"387",2020,8,"SERC",86.4711007911937,2020-08-01
"388",2020,8,"TALL",82.458282937365,2020-08-01
"389",2020,8,"UKFS",74.2273621914102,2020-08-01
"390",2020,9,"BLAN",82.6797801801802,2020-09-01
"391",2020,9,"KONZ",71.0254621848739,2020-09-01
"392",2020,9,"ORNL",80.1209560723514,2020-09-01
"393",2020,9,"OSBS",88.0226931254429,2020-09-01
"394",2020,9,"SERC",83.6402581888247,2020-09-01
"395",2020,9,"TALL",81.3301779359431,2020-09-01
"396",2020,9,"UKFS",75.1889453125,2020-09-01
"397",2020,10,"BLAN",80.4650483425414,2020-10-01
"398",2020,10,"KONZ",59.094730964467,2020-10-01
"399",2020,10,"ORNL",76.959746835443,2020-10-01
"400",2020,10,"OSBS",86.691554770318,2020-10-01
"401",2020,10,"SERC",84.2412469607503,2020-10-01
"402",2020,10,"TALL",78.2803421516755,2020-10-01
"403",2020,10,"UKFS",64.0125773546413,2020-10-01
"404",2020,11,"BLAN",67.0053974724827,2020-11-01
"405",2020,11,"KONZ",59.7942553191489,2020-11-01
"406",2020,11,"ORNL",62.4708654198753,2020-11-01
"407",2020,11,"OSBS",85.5044202640029,2020-11-01
"408",2020,11,"SERC",70.3886246922265,2020-11-01
"409",2020,11,"TALL",73.3248475062792,2020-11-01
"410",2020,11,"UKFS",62.8129333798396,2020-11-01
"411",2020,12,"BLAN",66.7955139550715,2020-12-01
"412",2020,12,"KONZ",64.837901907357,2020-12-01
"413",2020,12,"ORNL",72.1601841118309,2020-12-01
"414",2020,12,"OSBS",75.4702124645892,2020-12-01
"415",2020,12,"SERC",67.93464,2020-12-01
"416",2020,12,"TALL",72.93139666919,2020-12-01
"417",2020,12,"UKFS",64.5791109602986,2020-12-01
"418",2021,1,"BLAN",66.4850043821209,2021-01-01
"419",2021,1,"KONZ",69.5693760831889,2021-01-01
"420",2021,1,"ORNL",72.2443268892794,2021-01-01
"421",2021,1,"OSBS",75.8815065202471,2021-01-01
"422",2021,1,"SERC",62.6765679012346,2021-01-01
"423",2021,1,"TALL",73.4008011049724,2021-01-01
"424",2021,1,"UKFS",74.6498150051387,2021-01-01
"425",2021,2,"BLAN",70.0438939051919,2021-02-01
"426",2021,2,"KONZ",68.1703387937453,2021-02-01
"427",2021,2,"ORNL",70.8703765182186,2021-02-01
"428",2021,2,"OSBS",76.1942330796956,2021-02-01
"429",2021,2,"SERC",72.6560069848661,2021-02-01
"430",2021,2,"TALL",71.370109460516,2021-02-01
"431",2021,2,"UKFS",69.6162546957175,2021-02-01
"432",2021,3,"BLAN",57.7406183805945,2021-03-01
"433",2021,3,"KONZ",61.5700034782609,2021-03-01
"434",2021,3,"ORNL",54.58000691085,2021-03-01
"435",2021,3,"OSBS",73.8520307584761,2021-03-01
"436",2021,3,"SERC",57.1717951463241,2021-03-01
"437",2021,3,"TALL",68.6774656327106,2021-03-01
"438",2021,3,"UKFS",62.6322731906218,2021-03-01
"439",2021,4,"BLAN",64.1226159844055,2021-04-01
"440",2021,4,"KONZ",59.9864494058336,2021-04-01
"441",2021,4,"ORNL",54.8507716480447,2021-04-01
"442",2021,4,"OSBS",69.760561838745,2021-04-01
"443",2021,4,"SERC",62.2029961362838,2021-04-01
"444",2021,4,"TALL",60.2856447417317,2021-04-01
"445",2021,4,"UKFS",61.4657644991213,2021-04-01
"446",2021,5,"BLAN",71.6958861185984,2021-05-01
"447",2021,5,"KONZ",73.885298102981,2021-05-01
"448",2021,5,"ORNL",64.5124238227147,2021-05-01
"449",2021,5,"OSBS",68.212976011994,2021-05-01
"450",2021,5,"SERC",67.242077743378,2021-05-01
"451",2021,5,"TALL",70.1522852818767,2021-05-01
"452",2021,5,"UKFS",75.3698960573477,2021-05-01
"453",2021,6,"BLAN",77.1704696810375,2021-06-01
"454",2021,6,"KONZ",67.9310480196285,2021-06-01
"455",2021,6,"ORNL",76.6992340577129,2021-06-01
"456",2021,6,"OSBS",85.134762272903,2021-06-01
"457",2021,6,"SERC",80.430134594398,2021-06-01
"458",2021,6,"TALL",82.3047805585782,2021-06-01
"459",2021,6,"UKFS",71.5393915248099,2021-06-01
"460",2021,7,"BLAN",77.4490070921986,2021-07-01
"461",2021,7,"KONZ",72.4060848400556,2021-07-01
"462",2021,7,"ORNL",84.5609830508475,2021-07-01
"463",2021,7,"OSBS",85.2518068181818,2021-07-01
"464",2021,7,"SERC",79.6039926335175,2021-07-01
"465",2021,7,"TALL",85.5128851174935,2021-07-01
"466",2021,7,"UKFS",80.1842772277228,2021-07-01
"467",2021,8,"BLAN",80.1582044293015,2021-08-01
"468",2021,8,"KONZ",69.9643924889543,2021-08-01
"469",2021,8,"ORNL",86.7900728913572,2021-08-01
"470",2021,8,"OSBS",110.119714553112,2021-08-01
"471",2021,8,"SERC",87.931391184573,2021-08-01
"472",2021,8,"TALL",85.8363786441869,2021-08-01
"473",2021,8,"UKFS",76.5955264116576,2021-08-01
"474",2021,9,"BLAN",82.4380769230769,2021-09-01
"475",2021,9,"KONZ",63.9562160254148,2021-09-01
"476",2021,9,"ORNL",83.8153733476241,2021-09-01
"477",2021,9,"OSBS",85.5669014084507,2021-09-01
"478",2021,9,"SERC",80.077090981644,2021-09-01
"479",2021,9,"TALL",83.1286257197697,2021-09-01
"480",2021,9,"UKFS",70.198581958582,2021-09-01
"481",2021,10,"BLAN",81.0808954203691,2021-10-01
"482",2021,10,"KONZ",65.843149825784,2021-10-01
"483",2021,10,"ORNL",87.8795414099932,2021-10-01
"484",2021,10,"OSBS",80.5408336168765,2021-10-01
"485",2021,10,"SERC",84.0786785216178,2021-10-01
"486",2021,10,"TALL",82.6185006877579,2021-10-01
"487",2021,10,"UKFS",72.4802386980109,2021-10-01
"488",2021,11,"BLAN",67.53608,2021-11-01
"489",2021,11,"KONZ",58.3608712942878,2021-11-01
"490",2021,11,"ORNL",62.5645362622036,2021-11-01
"491",2021,11,"OSBS",79.3334346261495,2021-11-01
"492",2021,11,"SERC",67.6061916376307,2021-11-01
"493",2021,11,"TALL",71.6140905898876,2021-11-01
"494",2021,11,"UKFS",59.0728486543167,2021-11-01
"495",2021,12,"BLAN",66.1319092436975,2021-12-01
"496",2021,12,"KONZ",58.6513353514968,2021-12-01
"497",2021,12,"ORNL",74.6898250524843,2021-12-01
"498",2021,12,"OSBS",83.1269883641341,2021-12-01
"499",2021,12,"SERC",67.8580927656629,2021-12-01
"500",2021,12,"TALL",88.565584045584,2021-12-01
"501",2021,12,"UKFS",62.0089644670051,2021-12-01
"502",2022,1,"BLAN",68.6593200942444,2022-01-01
"503",2022,1,"KONZ",58.8083786610879,2022-01-01
"504",2022,1,"ORNL",67.5062914143213,2022-01-01
"505",2022,1,"OSBS",73.8112322274881,2022-01-01
"506",2022,1,"SERC",65.7045487234808,2022-01-01
"507",2022,1,"TALL",71.6780148048452,2022-01-01
"508",2022,1,"UKFS",60.2372711978466,2022-01-01
"509",2022,2,"BLAN",64.3538593226647,2022-02-01
"510",2022,2,"KONZ",49.2088011913626,2022-02-01
"511",2022,2,"ORNL",60.037810483871,2022-02-01
"512",2022,2,"OSBS",74.4283497966299,2022-02-01
"513",2022,2,"SERC",67.4230398481973,2022-02-01
"514",2022,2,"TALL",70.7873075250109,2022-02-01
"515",2022,2,"UKFS",53.7635865921788,2022-02-01
"516",2022,3,"BLAN",63.0299730730394,2022-03-01
"517",2022,3,"KONZ",58.3194693877551,2022-03-01
"518",2022,3,"ORNL",53.3881200151918,2022-03-01
"519",2022,3,"OSBS",72.0666247191011,2022-03-01
"520",2022,3,"SERC",64.1071959694232,2022-03-01
"521",2022,3,"TALL",66.854745503253,2022-03-01
"522",2022,3,"UKFS",60.5814690982776,2022-03-01
"523",2022,4,"BLAN",62.6752777777778,2022-04-01
"524",2022,4,"KONZ",50.0571232876712,2022-04-01
"525",2022,4,"ORNL",56.9877342218738,2022-04-01
"526",2022,4,"OSBS",69.889669384058,2022-04-01
"527",2022,4,"SERC",61.7017864768683,2022-04-01
"528",2022,4,"TALL",65.2263177966102,2022-04-01
"529",2022,4,"UKFS",54.9713034410845,2022-04-01
"530",2022,5,"BLAN",82.4767298402081,2022-05-01
"531",2022,5,"KONZ",70.8703836500538,2022-05-01
"532",2022,5,"ORNL",73.7481874356334,2022-05-01
"533",2022,5,"OSBS",72.6731393092743,2022-05-01
"534",2022,5,"SERC",78.8551843971631,2022-05-01
"535",2022,5,"TALL",73.1713499344692,2022-05-01
"536",2022,5,"UKFS",73.479177596597,2022-05-01
"537",2022,6,"BLAN",80.1237103103817,2022-06-01
"538",2022,6,"KONZ",78.2761428571429,2022-06-01
"539",2022,6,"ORNL",67.2140112596763,2022-06-01
"540",2022,6,"OSBS",75.3393111211166,2022-06-01
"541",2022,6,"SERC",74.1160189739986,2022-06-01
"542",2022,6,"TALL",75.4054392601934,2022-06-01
"543",2022,6,"UKFS",72.7518047218888,2022-06-01
"544",2022,7,"BLAN",90.5223269639066,2022-07-01
"545",2022,7,"KONZ",69.6628758169935,2022-07-01
"546",2022,7,"ORNL",83.450299051787,2022-07-01
"547",2022,7,"OSBS",85.8080088195387,2022-07-01
"548",2022,7,"SERC",82.9155371024735,2022-07-01
"549",2022,7,"TALL",80.3213895527484,2022-07-01
"550",2022,7,"UKFS",72.8726854395604,2022-07-01
"551",2022,8,"BLAN",91.4181266102319,2022-08-01
"552",2022,8,"KONZ",66.1699004120879,2022-08-01
"553",2022,8,"ORNL",82.6344155324259,2022-08-01
"554",2022,8,"OSBS",85.7525187032419,2022-08-01
"555",2022,8,"SERC",82.950708176531,2022-08-01
"556",2022,8,"TALL",83.2066383581033,2022-08-01
"557",2022,8,"UKFS",75.0963322992072,2022-08-01
"558",2022,9,"BLAN",91.9077729416032,2022-09-01
"559",2022,9,"KONZ",58.7768658318426,2022-09-01
"560",2022,9,"ORNL",75.2625189189189,2022-09-01
"561",2022,9,"OSBS",83.6977856135402,2022-09-01
"562",2022,9,"SERC",81.7046313202247,2022-09-01
"563",2022,9,"TALL",72.3534676564157,2022-09-01
"564",2022,9,"UKFS",65.1764963248162,2022-09-01
"565",2022,10,"BLAN",86.2871691678035,2022-10-01
"566",2022,10,"KONZ",49.654296321296,2022-10-01
"567",2022,10,"ORNL",64.0903376534789,2022-10-01
"568",2022,10,"OSBS",73.2423871409029,2022-10-01
"569",2022,10,"SERC",73.9298171745152,2022-10-01
"570",2022,10,"TALL",63.0776372315036,2022-10-01
"571",2022,10,"UKFS",52.4751007857875,2022-10-01
"572",2022,11,"BLAN",73.1223329798515,2022-11-01
"573",2022,11,"KONZ",64.2970192307692,2022-11-01
"574",2022,11,"ORNL",62.2619602977667,2022-11-01
"575",2022,11,"OSBS",85.2479150579151,2022-11-01
"576",2022,11,"SERC",69.3507857911733,2022-11-01
"577",2022,11,"TALL",72.3905221745351,2022-11-01
"578",2022,11,"UKFS",65.8480710479574,2022-11-01
"579",2022,12,"BLAN",73.0450502599653,2022-12-01
"580",2022,12,"KONZ",71.4688732888733,2022-12-01
"581",2022,12,"ORNL",69.6546478873239,2022-12-01
"582",2022,12,"OSBS",80.4995809199319,2022-12-01
"583",2022,12,"SERC",69.8792567311339,2022-12-01
"584",2022,12,"TALL",74.8904672897196,2022-12-01
"585",2022,12,"UKFS",71.3656911966988,2022-12-01
"586",2023,1,"BLAN",75.3991210277214,2023-01-01
"587",2023,1,"KONZ",74.8404509943182,2023-01-01
"588",2023,1,"ORNL",73.9160066989207,2023-01-01
"589",2023,1,"OSBS",71.663417677643,2023-01-01
"590",2023,1,"SERC",71.412562432139,2023-01-01
"591",2023,1,"TALL",72.6002705551651,2023-01-01
"592",2023,1,"UKFS",73.610922860162,2023-01-01
"593",2023,2,"BLAN",63.8914430284858,2023-02-01
"594",2023,2,"KONZ",59.0349187759728,2023-02-01
"595",2023,2,"ORNL",67.0331906460563,2023-02-01
"596",2023,2,"OSBS",75.5567008741923,2023-02-01
"597",2023,2,"SERC",64.2903543158688,2023-02-01
"598",2023,2,"TALL",71.8508762490392,2023-02-01
"599",2023,2,"UKFS",63.0983013904547,2023-02-01
"600",2023,3,"BLAN",61.9738919102651,2023-03-01
"601",2023,3,"KONZ",67.1822210489264,2023-03-01
"602",2023,3,"ORNL",54.4008605135323,2023-03-01
"603",2023,3,"OSBS",70.5341703881828,2023-03-01
"604",2023,3,"SERC",60.2858574380165,2023-03-01
"605",2023,3,"TALL",62.3585837057408,2023-03-01
"606",2023,3,"UKFS",69.7296769711705,2023-03-01
"607",2023,4,"BLAN",62.2322190912293,2023-04-01
"608",2023,4,"KONZ",48.1716666666667,2023-04-01
"609",2023,4,"ORNL",59.7016646706587,2023-04-01
"610",2023,4,"OSBS",71.6678414414414,2023-04-01
"611",2023,4,"SERC",64.0612002918643,2023-04-01
"612",2023,4,"TALL",64.9928002793296,2023-04-01
"613",2023,4,"UKFS",52.9009762900976,2023-04-01
"614",2023,5,"BLAN",71.9141736694678,2023-05-01
"615",2023,5,"KONZ",63.5221234567901,2023-05-01
"616",2023,5,"ORNL",69.322295024527,2023-05-01
"617",2023,5,"OSBS",72.6104866180049,2023-05-01
"618",2023,5,"SERC",70.1879036729037,2023-05-01
"619",2023,5,"TALL",72.7427495741056,2023-05-01
"620",2023,5,"UKFS",66.8133344815708,2023-05-01
"621",2023,6,"BLAN",72.2204808387563,2023-06-01
"622",2023,6,"KONZ",65.7276939130435,2023-06-01
"623",2023,6,"ORNL",75.9567193821258,2023-06-01
"624",2023,6,"OSBS",77.4185026929982,2023-06-01
"625",2023,6,"SERC",76.9820600375235,2023-06-01
"626",2023,6,"TALL",70.2834608695652,2023-06-01
"627",2023,6,"UKFS",69.1624536489152,2023-06-01
"628",2023,7,"BLAN",75.4783857979502,2023-07-01
"629",2023,7,"KONZ",69.5729096426163,2023-07-01
"630",2023,7,"ORNL",85.62578042792,2023-07-01
"631",2023,7,"OSBS",80.0569356521739,2023-07-01
"632",2023,7,"SERC",85.0515550423403,2023-07-01
"633",2023,7,"TALL",78.5786342342342,2023-07-01
"634",2023,7,"UKFS",78.4655547498187,2023-07-01
"635",2023,8,"BLAN",69.8424886561955,2023-08-01
"636",2023,8,"KONZ",64.2216021541569,2023-08-01
"637",2023,8,"ORNL",85.0890702479339,2023-08-01
"638",2023,8,"OSBS",79.9165794979079,2023-08-01
"639",2023,8,"SERC",82.7143495077356,2023-08-01
"640",2023,8,"TALL",72.9387762001352,2023-08-01
"641",2023,8,"UKFS",75.2158000896459,2023-08-01
"642",2023,9,"BLAN",76.3177477477477,2023-09-01
"643",2023,9,"KONZ",55.6206330434783,2023-09-01
"644",2023,9,"ORNL",76.4956228253305,2023-09-01
"645",2023,9,"OSBS",78.1015459110473,2023-09-01
"646",2023,9,"SERC",86.2435059171598,2023-09-01
"647",2023,9,"TALL",69.955064798599,2023-09-01
"648",2023,9,"UKFS",63.1339749390881,2023-09-01
"649",2023,10,"BLAN",76.4823196071024,2023-10-01
"650",2023,10,"KONZ",60.6979992955266,2023-10-01
"651",2023,10,"ORNL",69.4385495652174,2023-10-01
"652",2023,10,"OSBS",74.5531127982646,2023-10-01
"653",2023,10,"SERC",81.2734891958909,2023-10-01
"654",2023,10,"TALL",64.6492393192081,2023-10-01
"655",2023,10,"UKFS",64.6288508988368,2023-10-01
