"","siteID","mean_temp","datetime"
"1","BLAN",22.6391319751993,2015-08-01
"2","KONZ",24.3665373563218,2015-08-01
"3","ORNL",23.6425408219178,2015-08-01
"4","OSBS",26.3935558300395,2015-08-01
"5","SCBI",22.3566363513514,2015-08-01
"6","TALL",25.8039586021505,2015-08-01
"7","BLAN",18.0148869518717,2015-09-01
"8","KONZ",23.3061958517211,2015-09-01
"9","ORNL",22.4976886395512,2015-09-01
"10","OSBS",25.0017040305768,2015-09-01
"11","SCBI",21.3458638565891,2015-09-01
"12","TALL",23.3854409722222,2015-09-01
"13","BLAN",12.3175358198925,2015-10-01
"14","KONZ",18.1248566371681,2015-10-01
"15","ORNL",12.6782142857143,2015-10-01
"16","OSBS",21.7688811827957,2015-10-01
"17","SCBI",NA,2015-10-01
"18","TALL",19.1451887773723,2015-10-01
"19","BLAN",9.90452278225806,2015-11-01
"20","KONZ",6.6449017524644,2015-11-01
"21","ORNL",12.6439691666667,2015-11-01
"22","OSBS",24.1907945121951,2015-11-01
"23","TALL",14.3242643858203,2015-11-01
"24","BLAN",NA,2015-12-01
"25","KONZ",6.66157723823976,2015-12-01
"26","ORNL",11.8217020847344,2015-12-01
"27","TALL",14.1348167684997,2015-12-01
"28","BLAN",-0.801897037037037,2016-01-01
"29","KONZ",-0.926084009942005,2016-01-01
"30","ORNL",3.47914812419146,2016-01-01
"31","OSBS",10.5158,2016-01-01
"32","SCBI",-0.585621936989498,2016-01-01
"33","TALL",5.42821705508475,2016-01-01
"34","UKFS",7.45976796116505,2016-01-01
"35","BLAN",2.1544194683908,2016-02-01
"36","KONZ",4.68706350574713,2016-02-01
"37","ORNL",8.9192556978233,2016-02-01
"38","OSBS",22.3106,2016-02-01
"39","SCBI",2.13408735632184,2016-02-01
"40","SERC",8.8671,2016-02-01
"41","TALL",9.69447838765009,2016-02-01
"42","UKFS",4.58514504310345,2016-02-01
"43","BLAN",10.4932924424973,2016-03-01
"44","KONZ",12.3717074193548,2016-03-01
"45","ORNL",13.3021735215054,2016-03-01
"46","OSBS",21.253504442344,2016-03-01
"47","SCBI",10.1378176747312,2016-03-01
"48","SERC",18.6906,2016-03-01
"49","TALL",15.5064154569892,2016-03-01
"50","UKFS",10.6122961021505,2016-03-01
"51","BLAN",12.3174753472222,2016-04-01
"52","KONZ",NA,2016-04-01
"53","ORNL",13.8918845117845,2016-04-01
"54","OSBS",21.4143707638889,2016-04-01
"55","SCBI",12.063496875,2016-04-01
"56","SERC",9.76647614678899,2016-04-01
"57","TALL",18.1901145833333,2016-04-01
"58","UKFS",14.1052309937457,2016-04-01
"59","BLAN",16.0241926549865,2016-05-01
"60","ORNL",20.9516319379845,2016-05-01
"61","OSBS",24.3729158560311,2016-05-01
"62","SCBI",13.0747926724138,2016-05-01
"63","SERC",16.3542709722222,2016-05-01
"64","TALL",21.611841733871,2016-05-01
"65","UKFS",17.0416859448554,2016-05-01
"66","BLAN",22.4787418055556,2016-06-01
"67","ORNL",24.6074363572433,2016-06-01
"68","OSBS",27.4217205841446,2016-06-01
"69","SERC",22.7179075017693,2016-06-01
"70","TALL",26.2036330117899,2016-06-01
"71","UKFS",25.5817498678414,2016-06-01
"72","BLAN",25.0644223190933,2016-07-01
"73","ORNL",25.9046007446016,2016-07-01
"74","OSBS",28.4929671009772,2016-07-01
"75","SERC",26.0137910074375,2016-07-01
"76","TALL",26.6237555555556,2016-07-01
"77","UKFS",25.6658210349462,2016-07-01
"78","BLAN",24.326034060795,2016-08-01
"79","ORNL",25.7834282958199,2016-08-01
"80","OSBS",27.3716445360825,2016-08-01
"81","SERC",26.1125672308734,2016-08-01
"82","TALL",26.8616706317204,2016-08-01
"83","UKFS",24.5288802835922,2016-08-01
"84","BLAN",21.5148283333333,2016-09-01
"85","KONZ",15.7003354545455,2016-09-01
"86","ORNL",24.3201944444444,2016-09-01
"87","OSBS",26.2281374213836,2016-09-01
"88","SERC",22.4514322152341,2016-09-01
"89","TALL",26.2509020138889,2016-09-01
"90","UKFS",22.3060439873418,2016-09-01
"91","BLAN",14.5955820564516,2016-10-01
"92","KONZ",16.7273756048387,2016-10-01
"93","ORNL",19.1011813468013,2016-10-01
"94","OSBS",22.2286656897784,2016-10-01
"95","SCBI",14.3185,2016-10-01
"96","SERC",15.8425247816594,2016-10-01
"97","TALL",22.1961180107527,2016-10-01
"98","UKFS",16.2616854483926,2016-10-01
"99","BLAN",8.06330159722222,2016-11-01
"100","KONZ",11.0816842251564,2016-11-01
"101","ORNL",12.5626101388889,2016-11-01
"102","OSBS",18.5094573611111,2016-11-01
"103","SERC",10.48463,2016-11-01
"104","TALL",16.0386457484188,2016-11-01
"105","UKFS",11.4545441892832,2016-11-01
"106","BLAN",2.77385813172043,2016-12-01
"107","KONZ",0.0162508339952343,2016-12-01
"108","ORNL",5.15957627688172,2016-12-01
"109","OSBS",16.9432231023102,2016-12-01
"110","SERC",4.40250396505376,2016-12-01
"111","TALL",8.39470189473684,2016-12-01
"112","UKFS",-0.377417587601078,2016-12-01
"113","BLAN",3.28379668695064,2017-01-01
"114","KONZ",0.362506734693878,2017-01-01
"115","ORNL",7.36155017768301,2017-01-01
"116","OSBS",16.2047118724559,2017-01-01
"117","SERC",4.2303004054054,2017-01-01
"118","UKFS",0.313621841397849,2017-01-01
"119","BLAN",7.35461316964286,2017-02-01
"120","KONZ",6.46146788375559,2017-02-01
"121","ORNL",9.42737068452381,2017-02-01
"122","OSBS",17.872565625,2017-02-01
"123","SERC",7.41455788690476,2017-02-01
"124","UKFS",7.47741713255185,2017-02-01
"125","BLAN",6.13170456989247,2017-03-01
"126","KONZ",8.89620969044415,2017-03-01
"127","ORNL",11.0780106998654,2017-03-01
"128","OSBS",17.9537102960969,2017-03-01
"129","SERC",5.04157722681359,2017-03-01
"130","UKFS",9.12783061911171,2017-03-01
"131","BLAN",15.3533189640769,2017-04-01
"132","KONZ",14.5550834179357,2017-04-01
"133","ORNL",18.2253361613352,2017-04-01
"134","OSBS",21.9758514345696,2017-04-01
"135","SERC",17.0573165745856,2017-04-01
"136","UKFS",13.9759483333333,2017-04-01
"137","BLAN",16.5337948252688,2017-05-01
"138","KONZ",19.7194255162242,2017-05-01
"139","ORNL",19.2168547360248,2017-05-01
"140","OSBS",24.5034430107527,2017-05-01
"141","SERC",16.8997514592934,2017-05-01
"142","UKFS",18.3304003399048,2017-05-01
"143","BLAN",22.4056255215577,2017-06-01
"144","KONZ",24.1282756944444,2017-06-01
"145","ORNL",22.3840904494382,2017-06-01
"146","OSBS",25.0389084027778,2017-06-01
"147","SERC",23.5693258790436,2017-06-01
"148","UKFS",23.2740554528651,2017-06-01
"149","BLAN",23.8409740416947,2017-07-01
"150","KONZ",26.9496343413979,2017-07-01
"151","ORNL",23.9958678281069,2017-07-01
"152","OSBS",26.5074473790323,2017-07-01
"153","SCBI",22.8545272365805,2017-07-01
"154","SERC",25.3659641431521,2017-07-01
"155","UKFS",26.0539394204852,2017-07-01
"156","BLAN",21.4819052419355,2017-08-01
"157","KONZ",22.1004800489596,2017-08-01
"158","ORNL",23.2733403792135,2017-08-01
"159","OSBS",26.5101897177419,2017-08-01
"160","SCBI",21.646179905914,2017-08-01
"161","SERC",23.1847215870881,2017-08-01
"162","TALL",25.2937930627306,2017-08-01
"163","UKFS",22.3802034993271,2017-08-01
"164","BLAN",18.6920490264256,2017-09-01
"165","KONZ",22.3976611805556,2017-09-01
"166","ORNL",20.3320457638889,2017-09-01
"167","OSBS",25.6301032195122,2017-09-01
"168","SCBI",19.1740140277778,2017-09-01
"169","SERC",20.7988885416667,2017-09-01
"170","TALL",23.1071148176292,2017-09-01
"171","UKFS",21.7782343993086,2017-09-01
"172","BLAN",15.3978383736559,2017-10-01
"173","KONZ",14.6450438844086,2017-10-01
"174","ORNL",15.2098464,2017-10-01
"175","OSBS",22.4863995295699,2017-10-01
"176","SCBI",15.8660466039005,2017-10-01
"177","SERC",17.1666444892473,2017-10-01
"178","TALL",18.341595879323,2017-10-01
"179","UKFS",14.604755465587,2017-10-01
"180","BLAN",7.07278652777778,2017-11-01
"181","KONZ",7.90334490674319,2017-11-01
"182","ORNL",11.0022437130178,2017-11-01
"183","OSBS",18.2630952777778,2017-11-01
"184","SCBI",7.35042393282015,2017-11-01
"185","SERC",9.188720625,2017-11-01
"186","TALL",13.9299386331939,2017-11-01
"187","UKFS",7.75467705718271,2017-11-01
"188","BLAN",1.69535860215054,2017-12-01
"189","KONZ",0.799474327956989,2017-12-01
"190","ORNL",4.62979220430107,2017-12-01
"191","OSBS",14.8543234332425,2017-12-01
"192","SCBI",1.75965974462366,2017-12-01
"193","SERC",3.18270174731183,2017-12-01
"194","TALL",8.50570157894737,2017-12-01
"195","UKFS",0.888577021563342,2017-12-01
"196","BLAN",-0.0192721102150538,2018-01-01
"197","KONZ",-1.74060983146067,2018-01-01
"198","ORNL",1.12700275537634,2018-01-01
"199","OSBS",10.7273796769852,2018-01-01
"200","SCBI",0.110585654303709,2018-01-01
"201","SERC",0.517589587559162,2018-01-01
"202","TALL",4.82275148443157,2018-01-01
"203","UKFS",-2.34720344352617,2018-01-01
"204","BLAN",5.48948242740134,2018-02-01
"205","KONZ",-0.321072247023809,2018-02-01
"206","ORNL",9.5864415922619,2018-02-01
"207","OSBS",19.0665783482143,2018-02-01
"208","SCBI",7.07622344028521,2018-02-01
"209","SERC",6.10501324404762,2018-02-01
"210","TALL",13.7722339285714,2018-02-01
"211","UKFS",0.0105854354354354,2018-02-01
"212","BLAN",3.54104811827957,2018-03-01
"213","KONZ",6.97789528619529,2018-03-01
"214","ORNL",8.6511123655914,2018-03-01
"215","OSBS",16.2784147177419,2018-03-01
"216","SCBI",3.12861869090909,2018-03-01
"217","SERC",4.71915202057311,2018-03-01
"218","TALL",13.267465188172,2018-03-01
"219","UKFS",6.52444086021505,2018-03-01
"220","BLAN",10.4303063157895,2018-04-01
"221","KONZ",8.36681051156272,2018-04-01
"222","ORNL",12.348483903577,2018-04-01
"223","OSBS",19.6812763724809,2018-04-01
"224","SCBI",9.59506988873435,2018-04-01
"225","SERC",10.83015625,2018-04-01
"226","TALL",15.6425678969359,2018-04-01
"227","UKFS",8.48541500701262,2018-04-01
"228","BLAN",20.3420007472826,2018-05-01
"229","KONZ",22.4077702228224,2018-05-01
"230","ORNL",21.7550231299213,2018-05-01
"231","OSBS",23.2858527247956,2018-05-01
"232","SCBI",20.287276242236,2018-05-01
"233","SERC",20.7672386589404,2018-05-01
"234","TALL",23.5086383783784,2018-05-01
"235","UKFS",22.934315625,2018-05-01
"236","BLAN",21.420545625,2018-06-01
"237","KONZ",26.338951027027,2018-06-01
"238","ORNL",23.8089850249584,2018-06-01
"239","OSBS",25.8387763888889,2018-06-01
"240","SCBI",21.1364033379694,2018-06-01
"241","SERC",22.4299534398888,2018-06-01
"242","TALL",26.0226509335325,2018-06-01
"243","UKFS",25.4358273611111,2018-06-01
"244","BLAN",23.1388702830189,2018-07-01
"245","KONZ",25.8567022911051,2018-07-01
"246","ORNL",24.6240237002026,2018-07-01
"247","OSBS",26.081712184874,2018-07-01
"248","SCBI",22.9884205525606,2018-07-01
"249","SERC",24.7060519541779,2018-07-01
"250","TALL",26.4734016895459,2018-07-01
"251","UKFS",25.7954277059224,2018-07-01
"252","BLAN",23.0993152553763,2018-08-01
"253","KONZ",24.9450522528581,2018-08-01
"254","ORNL",23.6367963660834,2018-08-01
"255","OSBS",26.3801012096774,2018-08-01
"256","SCBI",23.3395830162086,2018-08-01
"257","SERC",25.0483228494624,2018-08-01
"258","TALL",25.4841756393001,2018-08-01
"259","UKFS",24.951339608637,2018-08-01
"260","BLAN",20.68667125,2018-09-01
"261","KONZ",20.9987914046122,2018-09-01
"262","ORNL",23.331525295344,2018-09-01
"263","OSBS",26.7865133333333,2018-09-01
"264","SCBI",19.2128748772504,2018-09-01
"265","SERC",22.3594740277778,2018-09-01
"266","TALL",25.477489609484,2018-09-01
"267","UKFS",21.4057977083333,2018-09-01
"268","BLAN",14.2497760080645,2018-10-01
"269","KONZ",12.1557959623149,2018-10-01
"270","ORNL",17.0613163446055,2018-10-01
"271","OSBS",23.3105504377104,2018-10-01
"272","SCBI",15.9103144784173,2018-10-01
"273","SERC",15.5097922554348,2018-10-01
"274","TALL",19.7956813216453,2018-10-01
"275","UKFS",13.0073055144586,2018-10-01
"276","BLAN",5.46008599303136,2018-11-01
"277","KONZ",2.81388111111111,2018-11-01
"278","ORNL",6.45725839028094,2018-11-01
"279","OSBS",17.6964582517483,2018-11-01
"280","SCBI",6.15022393258427,2018-11-01
"281","SERC",7.34655131944444,2018-11-01
"282","TALL",10.5433191285081,2018-11-01
"283","UKFS",2.84241481223922,2018-11-01
"284","BLAN",2.82151700268817,2018-12-01
"285","KONZ",1.58514130727763,2018-12-01
"286","ORNL",6.38774525495751,2018-12-01
"287","OSBS",15.0256160194175,2018-12-01
"288","SCBI",3.32858331090175,2018-12-01
"289","SERC",5.22944186827957,2018-12-01
"290","TALL",17.133979389313,2018-12-01
"291","UKFS",2.15519539295393,2018-12-01
"292","BLAN",0.556899379310345,2019-01-01
"293","KONZ",-1.51133016678753,2019-01-01
"294","ORNL",3.90436149193548,2019-01-01
"295","OSBS",13.3302580645161,2019-01-01
"296","SCBI",0.0692303934871099,2019-01-01
"297","SERC",1.81623555107527,2019-01-01
"298","TALL",13.3106,2019-01-01
"299","UKFS",-0.928209018830525,2019-01-01
"300","BLAN",3.06206592095451,2019-02-01
"301","KONZ",-3.14936951410658,2019-02-01
"302","ORNL",8.47617227204783,2019-02-01
"303","OSBS",18.4920415178571,2019-02-01
"304","SCBI",3.19995784929356,2019-02-01
"305","SERC",3.72413276836158,2019-02-01
"306","TALL",12.8244579194002,2019-02-01
"307","UKFS",-2.33822821742606,2019-02-01
"308","BLAN",4.77866278317152,2019-03-01
"309","KONZ",3.81630564516129,2019-03-01
"310","ORNL",9.06426552419355,2019-03-01
"311","OSBS",17.458848785872,2019-03-01
"312","SCBI",5.29374996572995,2019-03-01
"313","SERC",7.04960609851446,2019-03-01
"314","TALL",12.8703170600135,2019-03-01
"315","UKFS",1.46884340239913,2019-03-01
"316","BLAN",14.657760840708,2019-04-01
"317","KONZ",13.7319557112824,2019-04-01
"318","ORNL",16.7374292240754,2019-04-01
"319","OSBS",20.8972102083333,2019-04-01
"320","SCBI",2.30615046728972,2019-04-01
"321","SERC",14.505915625,2019-04-01
"322","TALL",18.0840032798325,2019-04-01
"323","UKFS",13.0917486019737,2019-04-01
"324","BLAN",19.1799077956989,2019-05-01
"325","KONZ",16.5012785858586,2019-05-01
"326","ORNL",21.668045766129,2019-05-01
"327","OSBS",25.2370714862139,2019-05-01
"328","SCBI",19.2163423903697,2019-05-01
"329","SERC",19.4839345025054,2019-05-01
"330","TALL",23.6280444818304,2019-05-01
"331","UKFS",16.9528602288022,2019-05-01
"332","BLAN",21.4761416666667,2019-06-01
"333","KONZ",22.817931442577,2019-06-01
"334","ORNL",22.1987466766243,2019-06-01
"335","OSBS",26.4187034722222,2019-06-01
"336","SCBI",21.3281514583333,2019-06-01
"337","SERC",22.8111079331942,2019-06-01
"338","TALL",25.039829943899,2019-06-01
"339","UKFS",22.9461925642808,2019-06-01
"340","BLAN",24.2448190188172,2019-07-01
"341","KONZ",25.5601679892401,2019-07-01
"342","ORNL",24.572386155914,2019-07-01
"343","OSBS",26.3266452284946,2019-07-01
"344","SCBI",23.623474941452,2019-07-01
"345","SERC",25.9485177419355,2019-07-01
"346","TALL",26.3323826379542,2019-07-01
"347","UKFS",25.5202761580381,2019-07-01
"348","BLAN",22.8690616935484,2019-08-01
"349","KONZ",24.0157869325997,2019-08-01
"350","ORNL",24.3267947580645,2019-08-01
"351","OSBS",26.4730631048387,2019-08-01
"352","SCBI",NA,2019-08-01
"353","SERC",24.3518031586022,2019-08-01
"354","TALL",26.2185793405114,2019-08-01
"355","UKFS",24.2969248453608,2019-08-01
"356","BLAN",21.3406364583333,2019-09-01
"357","KONZ",23.8022721509972,2019-09-01
"358","ORNL",25.0211320138889,2019-09-01
"359","OSBS",26.3755913194444,2019-09-01
"360","SCBI",NA,2019-09-01
"361","SERC",22.3721477083333,2019-09-01
"362","TALL",27.5894784722222,2019-09-01
"363","UKFS",23.6475908835905,2019-09-01
"364","BLAN",14.7313201890614,2019-10-01
"365","KONZ",10.9592563844086,2019-10-01
"366","ORNL",17.2713509408602,2019-10-01
"367","OSBS",23.8959540322581,2019-10-01
"368","SCBI",13.3086559754852,2019-10-01
"369","SERC",16.5320210349462,2019-10-01
"370","TALL",19.4791837928716,2019-10-01
"371","UKFS",11.2667608758076,2019-10-01
"372","BLAN",5.47574923611111,2019-11-01
"373","KONZ",4.87199852398524,2019-11-01
"374","ORNL",7.53186662030598,2019-11-01
"375","OSBS",16.5157488856937,2019-11-01
"376","SCBI",5.51181553956835,2019-11-01
"377","SERC",7.20721756944444,2019-11-01
"378","TALL",11.0485973611111,2019-11-01
"379","UKFS",5.05786997915219,2019-11-01
"380","BLAN",2.94863640054127,2019-12-01
"381","KONZ",3.03420075966851,2019-12-01
"382","ORNL",8.02442284946236,2019-12-01
"383","OSBS",16.4276004707465,2019-12-01
"384","SCBI",4.12469488054608,2019-12-01
"385","SERC",4.96371182795699,2019-12-01
"386","TALL",10.6701163487738,2019-12-01
"387","UKFS",3.46649314159292,2019-12-01
"388","BLAN",3.57416034946237,2020-01-01
"389","KONZ",0.161250448585231,2020-01-01
"390","ORNL",6.59979865591398,2020-01-01
"391","OSBS",15.3826364919355,2020-01-01
"392","SCBI",3.57935909703504,2020-01-01
"393","SERC",5.00900873655914,2020-01-01
"394","TALL",10.4310352464551,2020-01-01
"395","UKFS",-0.403691184834123,2020-01-01
"396","BLAN",4.91299812545061,2020-02-01
"397","KONZ",1.47323677745665,2020-02-01
"398","ORNL",6.45995538793103,2020-02-01
"399","OSBS",15.7351079798706,2020-02-01
"400","SCBI",5.38125830065359,2020-02-01
"401","SERC",5.64811925287356,2020-02-01
"402","TALL",10.289407183908,2020-02-01
"403","UKFS",1.51835508291276,2020-02-01
"404","BLAN",9.81621840324763,2020-03-01
"405","KONZ",8.37882888888889,2020-03-01
"406","ORNL",12.9030418918919,2020-03-01
"407","OSBS",21.2674511768662,2020-03-01
"408","SCBI",9.20633615591398,2020-03-01
"409","SERC",9.71757523197716,2020-03-01
"410","TALL",17.3096490591398,2020-03-01
"411","UKFS",8.97294825268817,2020-03-01
"412","BLAN",10.5678259722222,2020-04-01
"413","KONZ",11.651479512894,2020-04-01
"414","ORNL",13.4938690277778,2020-04-01
"415","OSBS",21.3714913580247,2020-04-01
"416","SCBI",10.2511001388889,2020-04-01
"417","SERC",11.3987239583333,2020-04-01
"418","TALL",16.8513767894371,2020-04-01
"419","UKFS",11.58254125,2020-04-01
"420","BLAN",15.6821895833333,2020-05-01
"421","KONZ",16.2896647138047,2020-05-01
"422","ORNL",17.4675524193548,2020-05-01
"423","OSBS",24.6124433544304,2020-05-01
"424","SCBI",14.7460995967742,2020-05-01
"425","SERC",15.8485786290323,2020-05-01
"426","TALL",20.5518262096774,2020-05-01
"427","UKFS",16.4867557123656,2020-05-01
"428","BLAN",21.8165348623853,2020-06-01
"429","KONZ",25.0252369408369,2020-06-01
"430","ORNL",22.3266329861111,2020-06-01
"431","OSBS",25.5578984027778,2020-06-01
"432","SCBI",21.5459329861111,2020-06-01
"433","SERC",22.8112003472222,2020-06-01
"434","TALL",24.4550752228164,2020-06-01
"435","UKFS",25.0781033449477,2020-06-01
"436","BLAN",25.3707653897849,2020-07-01
"437","KONZ",25.6566778245614,2020-07-01
"438","ORNL",25.5165784946237,2020-07-01
"439","OSBS",26.8746493270525,2020-07-01
"440","SCBI",25.3634768813559,2020-07-01
"441","SERC",26.2350392484342,2020-07-01
"442","TALL",26.0333540689655,2020-07-01
"443","UKFS",25.5854650269542,2020-07-01
"444","BLAN",23.2298640054127,2020-08-01
"445","KONZ",24.2814510752688,2020-08-01
"446","ORNL",23.7938864247312,2020-08-01
"447","OSBS",26.7091450802512,2020-08-01
"448","SCBI",22.8020115696389,2020-08-01
"449","SERC",24.4869088037634,2020-08-01
"450","TALL",25.7764572115385,2020-08-01
"451","UKFS",23.9645640380693,2020-08-01
"452","BLAN",17.9292132311978,2020-09-01
"453","KONZ",19.2331266713092,2020-09-01
"454","ORNL",20.7116565277778,2020-09-01
"455","OSBS",25.3639275694444,2020-09-01
"456","SCBI",18.1030673611111,2020-09-01
"457","SERC",20.0332836578581,2020-09-01
"458","TALL",22.9285790535839,2020-09-01
"459","UKFS",19.2446650417827,2020-09-01
"460","BLAN",13.7388586021505,2020-10-01
"461","KONZ",11.8377539650538,2020-10-01
"462","ORNL",16.631509703504,2020-10-01
"463","OSBS",23.4609650537634,2020-10-01
"464","SCBI",14.2800481182796,2020-10-01
"465","SERC",15.4494740591398,2020-10-01
"466","TALL",19.3186703629032,2020-10-01
"467","UKFS",11.818407868191,2020-10-01
"468","BLAN",10.3319843532684,2020-11-01
"469","KONZ",9.78773708333333,2020-11-01
"470","ORNL",12.2534304166667,2020-11-01
"471","OSBS",20.0142666666667,2020-11-01
"472","SCBI",11.1287469444444,2020-11-01
"473","SERC",12.3116601529903,2020-11-01
"474","TALL",15.0207726388889,2020-11-01
"475","UKFS",9.84181563585823,2020-11-01
"476","BLAN",2.90394696765499,2020-12-01
"477","KONZ",2.47560047138047,2020-12-01
"478","ORNL",4.66343279569892,2020-12-01
"479","OSBS",12.8862425101215,2020-12-01
"480","SCBI",2.80993595818815,2020-12-01
"481","SERC",4.68793346774194,2020-12-01
"482","TALL",8.65751817548747,2020-12-01
"483","UKFS",2.77759179661017,2020-12-01
"484","BLAN",1.1802258526603,2021-01-01
"485","KONZ",1.41921721991701,2021-01-01
"486","ORNL",3.98939131326949,2021-01-01
"487","OSBS",13.7658620967742,2021-01-01
"488","SCBI",1.14714549731183,2021-01-01
"489","SERC",2.78433353494624,2021-01-01
"490","TALL",8.19009186827957,2021-01-01
"491","UKFS",1.13311719077568,2021-01-01
"492","BLAN",1.02493444940476,2021-02-01
"493","KONZ",-4.75390163424125,2021-02-01
"494","ORNL",4.47205238095238,2021-02-01
"495","OSBS",16.1178720774386,2021-02-01
"496","SCBI",0.815368936170213,2021-02-01
"497","SERC",1.88353947761194,2021-02-01
"498","TALL",7.99646361607143,2021-02-01
"499","UKFS",-4.77807515923567,2021-02-01
"500","BLAN",8.69886337365591,2021-03-01
"501","KONZ",9.63639166666667,2021-03-01
"502","ORNL",12.5595754032258,2021-03-01
"503","OSBS",18.4049407930108,2021-03-01
"504","SCBI",8.74984623149394,2021-03-01
"505","SERC",9.31782459677419,2021-03-01
"506","TALL",15.4379942857143,2021-03-01
"507","UKFS",9.6279832884097,2021-03-01
"508","BLAN",13.2450257724719,2021-04-01
"509","KONZ",12.238502360515,2021-04-01
"510","ORNL",14.4782459027778,2021-04-01
"511","OSBS",19.7723303571429,2021-04-01
"512","SCBI",12.7792096527778,2021-04-01
"513","SERC",13.216654375,2021-04-01
"514","TALL",17.0857059722222,2021-04-01
"515","UKFS",12.2576489554318,2021-04-01
"516","BLAN",16.7953429435484,2021-05-01
"517","KONZ",16.6176374327957,2021-05-01
"518","ORNL",18.3895443243243,2021-05-01
"519","OSBS",23.281943679031,2021-05-01
"520","SCBI",16.3798557123656,2021-05-01
"521","SERC",17.2261360354223,2021-05-01
"522","TALL",20.9250938229238,2021-05-01
"523","UKFS",16.4075521944632,2021-05-01
"524","BLAN",22.7243984859955,2021-06-01
"525","KONZ",24.7536893676164,2021-06-01
"526","ORNL",23.0004423398329,2021-06-01
"527","OSBS",24.8162451937985,2021-06-01
"528","SCBI",22.1149507670851,2021-06-01
"529","SERC",22.9086195138889,2021-06-01
"530","TALL",24.2026906944444,2021-06-01
"531","UKFS",24.5254299651568,2021-06-01
"532","BLAN",23.9388993814433,2021-07-01
"533","KONZ",25.2441059876118,2021-07-01
"534","ORNL",24.0623129704301,2021-07-01
"535","OSBS",26.0263961667787,2021-07-01
"536","SCBI",24.0361247983871,2021-07-01
"537","SERC",25.3162934162399,2021-07-01
"538","TALL",25.0597132637854,2021-07-01
"539","UKFS",25.17455,2021-07-01
"540","BLAN",23.7907629032258,2021-08-01
"541","KONZ",25.8967493382353,2021-08-01
"542","ORNL",24.1895389112903,2021-08-01
"543","OSBS",26.5911296016484,2021-08-01
"544","SCBI",23.7682554435484,2021-08-01
"545","SERC",24.6959877365102,2021-08-01
"546","TALL",25.5712795408508,2021-08-01
"547","UKFS",25.2550370169492,2021-08-01
"548","BLAN",19.7259329861111,2021-09-01
"549","KONZ",22.9972512592593,2021-09-01
"550","ORNL",20.7347362056984,2021-09-01
"551","OSBS",24.7573729861111,2021-09-01
"552","SCBI",20.1076263194444,2021-09-01
"553","SERC",21.6639372999304,2021-09-01
"554","TALL",22.941514902507,2021-09-01
"555","UKFS",22.4528713091922,2021-09-01
"556","BLAN",15.9282152086137,2021-10-01
"557","KONZ",15.5376784871617,2021-10-01
"558","ORNL",16.6825145833333,2021-10-01
"559","OSBS",22.6068899865591,2021-10-01
"560","SCBI",16.114576478586,2021-10-01
"561","SERC",17.6417673387097,2021-10-01
"562","TALL",19.5204726967048,2021-10-01
"563","UKFS",15.6830102909865,2021-10-01
"564","BLAN",6.150538125,2021-11-01
"565","KONZ",8.72748511560694,2021-11-01
"566","ORNL",7.11368813793103,2021-11-01
"567","OSBS",15.955133659902,2021-11-01
"568","SCBI",7.27909388464211,2021-11-01
"569","SERC",8.60107159722222,2021-11-01
"570","TALL",11.8733218055556,2021-11-01
"571","UKFS",8.59773205574913,2021-11-01
"572","BLAN",6.48532217741935,2021-12-01
"573","KONZ",6.35493523238381,2021-12-01
"574","ORNL",13.5879721407625,2021-12-01
"575","OSBS",17.9662458333333,2021-12-01
"576","SCBI",7.1461002688172,2021-12-01
"577","SERC",7.95471293800539,2021-12-01
"578","TALL",14.217197593985,2021-12-01
"579","UKFS",6.37451926977688,2021-12-01
"580","BLAN",-1.46817120701281,2022-01-01
"581","KONZ",-1.49592222222222,2022-01-01
"582","ORNL",2.51313015764222,2022-01-01
"583","OSBS",12.4436721774194,2022-01-01
"584","SCBI",-1.2577637630662,2022-01-01
"585","SERC",0.557093845089903,2022-01-01
"586","TALL",6.68375514458642,2022-01-01
"587","UKFS",-1.70328194822888,2022-01-01
"588","BLAN",3.63393664179104,2022-02-01
"589","KONZ",0.144441654247392,2022-02-01
"590","ORNL",6.7669709077381,2022-02-01
"591","OSBS",16.1736841909023,2022-02-01
"592","SCBI",3.52953104988831,2022-02-01
"593","SERC",4.32623492537313,2022-02-01
"594","TALL",11.7810820158103,2022-02-01
"595","UKFS",0.0833976882923192,2022-02-01
"596","BLAN",8.50894233870968,2022-03-01
"597","KONZ",6.66057165087957,2022-03-01
"598","ORNL",12.7895973273942,2022-03-01
"599","OSBS",19.0001458867925,2022-03-01
"600","SCBI",8.40506384408602,2022-03-01
"601","SERC",8.94206760752688,2022-03-01
"602","TALL",14.7315729452055,2022-03-01
"603","UKFS",7.10943870967742,2022-03-01
"604","BLAN",11.7209739803094,2022-04-01
"605","KONZ",12.4075225105189,2022-04-01
"606","ORNL",14.6682365458751,2022-04-01
"607","OSBS",20.90684125,2022-04-01
"608","SCBI",11.3535588030619,2022-04-01
"609","SERC",12.1228046527778,2022-04-01
"610","TALL",17.5580791578947,2022-04-01
"611","UKFS",11.9982200138985,2022-04-01
"612","BLAN",17.7188878031878,2022-05-01
"613","KONZ",18.4996447966919,2022-05-01
"614","ORNL",20.6904494245091,2022-05-01
"615","OSBS",24.2786493197279,2022-05-01
"616","SCBI",17.8376510923185,2022-05-01
"617","SERC",18.0514170600135,2022-05-01
"618","TALL",22.9194857431069,2022-05-01
"619","UKFS",18.561697983871,2022-05-01
"620","BLAN",22.5622180293501,2022-06-01
"621","KONZ",23.7137829215116,2022-06-01
"622","ORNL",24.5227326388889,2022-06-01
"623","OSBS",23.9675348387097,2022-06-01
"624","SCBI",21.7415281944444,2022-06-01
"625","SERC",22.4930203613621,2022-06-01
"626","TALL",26.3245150071124,2022-06-01
"627","UKFS",24.9871900886382,2022-06-01
"628","BLAN",23.6215197580645,2022-07-01
"629","KONZ",25.9169123066577,2022-07-01
"630","ORNL",25.0575726932668,2022-07-01
"631","OSBS",26.7240628133705,2022-07-01
"632","SCBI",23.9572007392473,2022-07-01
"633","SERC",25.0908479166667,2022-07-01
"634","TALL",26.5837436155914,2022-07-01
"635","UKFS",26.1693167115903,2022-07-01
